Handle,Title,Option1 Name,Option1 Value,Option2 Name,Option2 Value,Option3 Name,Option3 Value,SKU,HS Code,COO,Contender Park City,Contender Salt Lake City,Contender Warehouse
open-mind-complete-bike-builder,OPEN MIND Complete Bike Builder,Color,Dark Blue,Size,M,,,210000111792,,,0,1,0
open-wide-custom-builder,OPEN WIDE Complete Bike Builder,Color,Brown,Size,M,,,210000130666,,,0,1,0
open-wide-custom-builder,OPEN WIDE Complete Bike Builder,Color,Brown,Size,L,,,210000130667,,,0,0,0
open-wide-custom-builder,OPEN WIDE Complete Bike Builder,Color,Brown,Size,XS,,,210000130663,,,0,0,0
open-wide-custom-builder,OPEN WIDE Complete Bike Builder,Color,Brown,Size,XL,,,210000130665,,,0,0,0
open-wide-custom-builder,OPEN WIDE Complete Bike Builder,Color,Brown,Size,S,,,210000130664,,,0,0,0
open-wide-custom-builder,OPEN WIDE Complete Bike Builder,Color,Orange,Size,M,,,210000118611,,,0,1,2
open-wide-custom-builder,OPEN WIDE Complete Bike Builder,Color,Orange,Size,XS,,,210000104659,,,0,0,0
open-wide-custom-builder,OPEN WIDE Complete Bike Builder,Color,Turquoise,Size,XS,,,210000106257,,,0,0,0
open-wide-custom-builder,OPEN WIDE Complete Bike Builder,Color,Turquoise,Size,XL,,,210000105988,,,0,1,0
open-wide-custom-builder,OPEN WIDE Complete Bike Builder,Color,Turquoise,Size,L,,,210000105990,,,0,1,0
open-wide-custom-builder,OPEN WIDE Complete Bike Builder,Color,Turquoise,Size,S,,,210000105984,,,0,0,0
open-wide-custom-builder,OPEN WIDE Complete Bike Builder,Color,Turquoise,Size,M,,,210000105986,,,0,0,0
open-wide-custom-builder,OPEN WIDE Complete Bike Builder,Color,Grey Gloss/Matte,Size,L,,,210000103329,,,0,2,1
open-wide-custom-builder,OPEN WIDE Complete Bike Builder,Color,Grey Gloss/Matte,Size,M,,,210000103327,,,0,0,3
open-wide-custom-builder,OPEN WIDE Complete Bike Builder,Color,Grey Gloss/Matte,Size,XL,,,210000103437,,,0,1,0
open-wide-custom-builder,OPEN WIDE Complete Bike Builder,Color,Ready To Paint,Size,XL,,,210000112191,,,0,0,1
open-wide-custom-builder,OPEN WIDE Complete Bike Builder,Color,Ready To Paint,Size,L,,,210000108359,,,0,0,0
open-wide-custom-builder,OPEN WIDE Complete Bike Builder,Color,Orange,Size,S,,,210000109607,,,0,0,0
open-wide-custom-builder,OPEN WIDE Complete Bike Builder,Color,Orange,Size,L,,,210000104705,,,0,1,2
open-wide-custom-builder,OPEN WIDE Complete Bike Builder,Color,Grey Gloss/Matte,Size,S,,,210000103435,,,0,0,0
open-wide-custom-builder,OPEN WIDE Complete Bike Builder,Color,Ready To Paint,Size,S,,,210000108579,,,0,0,1
open-wide-custom-builder,OPEN WIDE Complete Bike Builder,Color,Ready To Paint,Size,XS,,,210000109502,,,0,0,0
open-wide-custom-builder,OPEN WIDE Complete Bike Builder,Color,Orange,Size,XL,,,210000106281,,,0,1,0
open-wide-custom-builder,OPEN WIDE Complete Bike Builder,Color,Grey Gloss/Matte,Size,XS,,,210000103439,,,0,0,0
open-wide-custom-builder,OPEN WIDE Complete Bike Builder,Color,Ready To Paint,Size,M,,,210000104383,,,0,0,0
time-alpe-dhuez-x-adhx-bike-builder,TIME Alpe D'Huez X (ADHX) Bike Builder,Color,Cobalt,Size,XL,,,210000134582,,,0,0,0
time-alpe-dhuez-x-adhx-bike-builder,TIME Alpe D'Huez X (ADHX) Bike Builder,Color,Cobalt,Size,L,,,210000134581,,,0,0,0
time-alpe-dhuez-x-adhx-bike-builder,TIME Alpe D'Huez X (ADHX) Bike Builder,Color,Cobalt,Size,M,,,210000134580,,,0,0,0
time-alpe-dhuez-x-adhx-bike-builder,TIME Alpe D'Huez X (ADHX) Bike Builder,Color,Cobalt,Size,S,,,210000134579,,,0,0,0
time-alpe-dhuez-x-adhx-bike-builder,TIME Alpe D'Huez X (ADHX) Bike Builder,Color,Amber,Size,XL,,,210000134597,,,0,0,0
time-alpe-dhuez-x-adhx-bike-builder,TIME Alpe D'Huez X (ADHX) Bike Builder,Color,Amber,Size,L,,,210000134590,,,0,0,0
time-alpe-dhuez-x-adhx-bike-builder,TIME Alpe D'Huez X (ADHX) Bike Builder,Color,Amber,Size,M,,,210000134589,,,0,1,0
time-alpe-dhuez-x-adhx-bike-builder,TIME Alpe D'Huez X (ADHX) Bike Builder,Color,Amber,Size,S,,,210000134595,,,0,1,0
time-alpe-dhuez-x-adhx-bike-builder,TIME Alpe D'Huez X (ADHX) Bike Builder,Color,Carbon,Size,XL,,,210000134591,,,0,0,0
time-alpe-dhuez-x-adhx-bike-builder,TIME Alpe D'Huez X (ADHX) Bike Builder,Color,Carbon,Size,L,,,210000134592,,,0,0,0
time-alpe-dhuez-x-adhx-bike-builder,TIME Alpe D'Huez X (ADHX) Bike Builder,Color,Carbon,Size,M,,,210000134593,,,0,0,0
time-alpe-dhuez-x-adhx-bike-builder,TIME Alpe D'Huez X (ADHX) Bike Builder,Color,Carbon,Size,S,,,210000134594,,,0,0,0
time-alpe-dhuez-x-adhx-bike-builder,TIME Alpe D'Huez X (ADHX) Bike Builder,Color,Forest,Size,XL,,,210000134587,,,0,0,0
time-alpe-dhuez-x-adhx-bike-builder,TIME Alpe D'Huez X (ADHX) Bike Builder,Color,Forest,Size,L,,,210000134586,,,0,0,0
time-alpe-dhuez-x-adhx-bike-builder,TIME Alpe D'Huez X (ADHX) Bike Builder,Color,Forest,Size,M,,,210000134585,,,0,1,0
time-alpe-dhuez-x-adhx-bike-builder,TIME Alpe D'Huez X (ADHX) Bike Builder,Color,Forest,Size,S,,,210000134584,,,0,1,0
time-alpe-dhuez-x-adhx-bike-builder,TIME Alpe D'Huez X (ADHX) Bike Builder,Color,Cobalt,Size,XS,,,210000134578,,,0,0,0
time-alpe-dhuez-x-adhx-bike-builder,TIME Alpe D'Huez X (ADHX) Bike Builder,Color,Amber,Size,XS,,,210000134588,,,0,1,0
time-alpe-dhuez-x-adhx-bike-builder,TIME Alpe D'Huez X (ADHX) Bike Builder,Color,Carbon,Size,XS,,,210000134596,,,0,0,0
time-alpe-dhuez-x-adhx-bike-builder,TIME Alpe D'Huez X (ADHX) Bike Builder,Color,Forest,Size,XS,,,210000134583,,,0,1,0
time-alpe-dhuez-01-disc-aktiv-complete-bike-builder,Time Alpe D'Huez 01 Disc Aktiv Complete Bike Builder,Color,Gloss Black,Size,LG,,,210000130836,,,0,1,0
3t-exploro-racemax-builder,3T Exploro Racemax Builder,Color,Ready To Paint,Size,51,,,210000120012,,,0,0,2
3t-exploro-racemax-builder,3T Exploro Racemax Builder,Color,Ready To Paint,Size,54,,,210000120010,,,0,0,2
3t-exploro-racemax-builder,3T Exploro Racemax Builder,Color,Ready To Paint,Size,56,,,210000120011,,,0,0,3
3t-exploro-racemax-builder,3T Exploro Racemax Builder,Color,Ready To Paint,Size,58,,,210000120014,,,0,0,2
3t-exploro-racemax-builder,3T Exploro Racemax Builder,Color,Ready To Paint,Size,61,,,210000120015,,,0,0,0
3t-exploro-racemax-builder,3T Exploro Racemax Builder,Color,Ready To Paint,Size,XXS,,,210000120013,,,0,0,0
3t-exploro-racemax-builder,3T Exploro Racemax Builder,Color,Sand/Olive,Size,XXS,,,210000118569,,,0,0,0
3t-exploro-racemax-builder,3T Exploro Racemax Builder,Color,Sand/Olive,Size,61,,,210000118572,,,0,0,0
3t-exploro-racemax-builder,3T Exploro Racemax Builder,Color,Red/White,Size,XXS,,,210000118570,,,0,0,0
3t-exploro-racemax-builder,3T Exploro Racemax Builder,Color,Grey/Orange,Size,XXS,,,210000118568,,,0,0,0
3t-exploro-racemax-builder,3T Exploro Racemax Builder,Color,Grey/Orange,Size,61,,,210000118571,,,0,0,0
3t-exploro-racemax-builder,3T Exploro Racemax Builder,Color,Red/White,Size,61,,,210000118573,,,0,0,0
3t-exploro-racemax-builder,3T Exploro Racemax Builder,Color,Red/White,Size,51,,,210000118567,,,0,0,0
3t-exploro-racemax-builder,3T Exploro Racemax Builder,Color,Grey/Orange,Size,51,,,210000118565,,,0,0,0
3t-exploro-racemax-builder,3T Exploro Racemax Builder,Color,Red/White,Size,56,,,210000118564,,,0,1,0
3t-exploro-racemax-builder,3T Exploro Racemax Builder,Color,Sand/Olive,Size,58,,,210000118562,,,0,0,0
3t-exploro-racemax-builder,3T Exploro Racemax Builder,Color,Sand/Olive,Size,51,,,210000118566,,,0,0,0
3t-exploro-racemax-builder,3T Exploro Racemax Builder,Color,Red/White,Size,58,,,210000118563,,,0,0,1
3t-exploro-racemax-builder,3T Exploro Racemax Builder,Color,Red/White,Size,54,,,210000116488,,,0,1,0
3t-exploro-racemax-builder,3T Exploro Racemax Builder,Color,Grey/Orange,Size,58,,,210000110361,,,0,0,0
3t-exploro-racemax-builder,3T Exploro Racemax Builder,Color,Grey/Orange,Size,54,,,210000110357,,,0,0,0
3t-exploro-racemax-builder,3T Exploro Racemax Builder,Color,Grey/Orange,Size,56,,,210000110363,,,0,0,0
3t-exploro-racemax-builder,3T Exploro Racemax Builder,Color,Sand/Olive,Size,56,,,210000110365,,,0,0,0
3t-exploro-racemax-builder,3T Exploro Racemax Builder,Color,Sand/Olive,Size,54,,,210000110359,,,0,0,0
time-scylon-rim-brake-complete-bike-builder,Time Scylon Rim Brake Complete Bike Builder,Color,Matte White,Size,XL,,,210000125014,,,0,0,0
time-scylon-rim-brake-complete-bike-builder,Time Scylon Rim Brake Complete Bike Builder,Color,Matte White,Size,MD,,,210000125013,,,0,0,0
time-scylon-rim-brake-complete-bike-builder,Time Scylon Rim Brake Complete Bike Builder,Color,Gloss Black,Size,XL,,,210000125012,,,0,0,0
time-scylon-rim-brake-complete-bike-builder,Time Scylon Rim Brake Complete Bike Builder,Color,Gloss Black,Size,LG,,,210000125011,,,0,0,0
time-scylon-rim-brake-complete-bike-builder,Time Scylon Rim Brake Complete Bike Builder,Color,Gloss Black,Size,MD,,,210000125010,,,0,1,0
time-scylon-rim-brake-complete-bike-builder,Time Scylon Rim Brake Complete Bike Builder,Color,Gloss Black,Size,SM,,,210000125009,,,0,0,0
time-scylon-rim-brake-complete-bike-builder,Time Scylon Rim Brake Complete Bike Builder,Color,Gloss Black,Size,XS,,,210000125008,,,0,0,0
time-scylon-disc-aktiv-complete-bike-builder,Time Scylon Disc Aktiv Complete Bike Builder,Color,Gloss Black,Size,MD,,,210000125007,,,0,0,0
time-fluidity-aktiv-rim-brake-complete-bike-builder,Time Fluidity Aktiv Rim Brake Complete Bike Builder,Color,Blue Gloss,Size,SM,,,210000130845,,,0,2,0
time-fluidity-aktiv-rim-brake-complete-bike-builder,Time Fluidity Aktiv Rim Brake Complete Bike Builder,Color,Matte White,Size,LG,,,210000125021,,,0,2,0
time-fluidity-aktiv-rim-brake-complete-bike-builder,Time Fluidity Aktiv Rim Brake Complete Bike Builder,Color,Matte White,Size,MD,,,210000125020,,,0,3,0
time-alpe-dhuez-21-aktiv-complete-bike-builder,Time Alpe D'Huez 21 AKTIV Complete Bike Builder,Color,Black Gloss,Size,L,,,210000130852,,,0,1,0
time-alpe-dhuez-21-aktiv-complete-bike-builder,Time Alpe D'Huez 21 AKTIV Complete Bike Builder,Color,Black Gloss,Size,XL,,,210000130792,,,0,1,0
time-alpe-dhuez-21-aktiv-complete-bike-builder,Time Alpe D'Huez 21 AKTIV Complete Bike Builder,Color,White Matte,Size,M,,,210000130791,,,0,1,0
time-alpe-dhuez-21-aktiv-complete-bike-builder,Time Alpe D'Huez 21 AKTIV Complete Bike Builder,Color,Black/White/Grey,Size,XXS,,,210000117583,,,0,0,0
time-alpe-dhuez-21-aktiv-complete-bike-builder,Time Alpe D'Huez 21 AKTIV Complete Bike Builder,Color,Black/White/Grey,Size,XS,,,210000117584,,,0,0,0
time-alpe-dhuez-21-aktiv-complete-bike-builder,Time Alpe D'Huez 21 AKTIV Complete Bike Builder,Color,Black/White/Grey,Size,XL,,,210000117585,,,0,0,0
time-alpe-dhuez-21-aktiv-complete-bike-builder,Time Alpe D'Huez 21 AKTIV Complete Bike Builder,Color,Black/White/Grey,Size,SM,,,210000117586,,,0,0,0
time-alpe-dhuez-21-aktiv-complete-bike-builder,Time Alpe D'Huez 21 AKTIV Complete Bike Builder,Color,Red/White/Black,Size,XXS,,,210000117587,,,0,1,0
time-alpe-dhuez-21-aktiv-complete-bike-builder,Time Alpe D'Huez 21 AKTIV Complete Bike Builder,Color,Red/White/Black,Size,XS,,,210000117588,,,0,0,0
time-alpe-dhuez-21-aktiv-complete-bike-builder,Time Alpe D'Huez 21 AKTIV Complete Bike Builder,Color,Red/White/Black,Size,XL,,,210000117589,,,0,0,0
time-alpe-dhuez-21-aktiv-complete-bike-builder,Time Alpe D'Huez 21 AKTIV Complete Bike Builder,Color,Red/White/Black,Size,LG,,,210000117592,,,0,0,0
time-alpe-dhuez-21-aktiv-complete-bike-builder,Time Alpe D'Huez 21 AKTIV Complete Bike Builder,Color,Red/White/Black,Size,MD,,,210000117591,,,0,0,0
time-alpe-dhuez-21-aktiv-complete-bike-builder,Time Alpe D'Huez 21 AKTIV Complete Bike Builder,Color,Red/White/Black,Size,SM,,,210000117590,,,0,0,0
time-alpe-dhuez-21-aktiv-complete-bike-builder,Time Alpe D'Huez 21 AKTIV Complete Bike Builder,Color,Black/White/Grey,Size,LG,,,210000117670,,,0,0,0
time-alpe-dhuez-21-aktiv-complete-bike-builder,Time Alpe D'Huez 21 AKTIV Complete Bike Builder,Color,Black/White/Grey,Size,MD,,,210000117669,,,0,0,0
time-alpe-dhuez-01-aktiv-rim-brake-complete-bike-builder,Time Alpe D'Huez 01 Aktiv Rim Brake Complete Bike Builder,Color,Gloss Grey,Size,XXS,,,210000130854,,,0,1,0
time-alpe-dhuez-01-aktiv-rim-brake-complete-bike-builder,Time Alpe D'Huez 01 Aktiv Rim Brake Complete Bike Builder,Color,Gloss Grey,Size,XS,,,210000130846,,,0,0,0
time-alpe-dhuez-01-aktiv-rim-brake-complete-bike-builder,Time Alpe D'Huez 01 Aktiv Rim Brake Complete Bike Builder,Color,Matte Blue,Size,SM,,,210000125047,,,0,0,0
time-alpe-dhuez-01-aktiv-rim-brake-complete-bike-builder,Time Alpe D'Huez 01 Aktiv Rim Brake Complete Bike Builder,Color,Gloss Red,Size,XL,,,210000125006,,,0,0,1
time-alpe-dhuez-01-aktiv-rim-brake-complete-bike-builder,Time Alpe D'Huez 01 Aktiv Rim Brake Complete Bike Builder,Color,Gloss Red,Size,MD,,,210000125005,,,0,1,0
time-alpe-dhuez-01-aktiv-rim-brake-complete-bike-builder,Time Alpe D'Huez 01 Aktiv Rim Brake Complete Bike Builder,Color,Gloss Grey,Size,XL,,,210000125004,,,0,0,0
time-alpe-dhuez-01-aktiv-rim-brake-complete-bike-builder,Time Alpe D'Huez 01 Aktiv Rim Brake Complete Bike Builder,Color,Gloss Grey,Size,LG,,,210000125003,,,0,1,1
time-alpe-dhuez-01-aktiv-rim-brake-complete-bike-builder,Time Alpe D'Huez 01 Aktiv Rim Brake Complete Bike Builder,Color,Gloss Grey,Size,MD,,,210000125002,,,0,0,2
time-alpe-dhuez-01-aktiv-rim-brake-complete-bike-builder,Time Alpe D'Huez 01 Aktiv Rim Brake Complete Bike Builder,Color,Matte Black,Size,MD,,,210000125000,,,0,0,1
time-alpe-dhuez-01-aktiv-rim-brake-complete-bike-builder,Time Alpe D'Huez 01 Aktiv Rim Brake Complete Bike Builder,Color,Matte Black,Size,LG,,,210000125001,,,0,1,1
time-alpe-dhuez-01-disc-aktiv-complete-bike-builder,Time Alpe D'Huez 01 Disc Aktiv Complete Bike Builder,Color,Gloss Red,Size,LG,,,210000124993,,,0,0,0
time-alpe-dhuez-01-disc-aktiv-complete-bike-builder,Time Alpe D'Huez 01 Disc Aktiv Complete Bike Builder,Color,Gloss Red,Size,MD,,,210000124992,,,0,0,0
time-alpe-dhuez-01-disc-aktiv-complete-bike-builder,Time Alpe D'Huez 01 Disc Aktiv Complete Bike Builder,Color,Gloss Red,Size,SM,,,210000124991,,,0,1,0
time-alpe-dhuez-01-disc-aktiv-complete-bike-builder,Time Alpe D'Huez 01 Disc Aktiv Complete Bike Builder,Color,Matte Black,Size,XL,,,210000124990,,,0,1,1
open-mind-complete-bike-builder,OPEN MIND Complete Bike Builder,Color,Ready To Paint,Size,XL,,,210000128258,,,0,0,0
open-mind-complete-bike-builder,OPEN MIND Complete Bike Builder,Color,Ready To Paint,Size,L,,,210000128257,,,0,0,1
open-mind-complete-bike-builder,OPEN MIND Complete Bike Builder,Color,Grey / Matte Red,Size,XL,,,210000128259,,,0,0,0
open-mind-complete-bike-builder,OPEN MIND Complete Bike Builder,Color,Ready To Paint,Size,S,,,210000128255,,,0,0,0
open-mind-complete-bike-builder,OPEN MIND Complete Bike Builder,Color,Ready To Paint,Size,M,,,210000128256,,,0,0,1
open-mind-complete-bike-builder,OPEN MIND Complete Bike Builder,Color,Grey / Matte Red,Size,L,,,210000128086,,,0,1,0
open-mind-complete-bike-builder,OPEN MIND Complete Bike Builder,Color,Grey / Matte Red,Size,M,,,210000128085,,,0,1,0
open-mind-complete-bike-builder,OPEN MIND Complete Bike Builder,Color,Grey / Matte Red,Size,S,,,210000128084,,,0,1,0
open-mind-complete-bike-builder,OPEN MIND Complete Bike Builder,Color,Dark Blue,Size,L,,,210000111794,,,0,1,0
open-mind-complete-bike-builder,OPEN MIND Complete Bike Builder,Color,Dark Blue,Size,S,,,210000111790,,,0,0,0
open-mind-complete-bike-builder,OPEN MIND Complete Bike Builder,Color,Dark Blue,Size,XL,,,210000111796,,,0,0,0
time-alpe-dhuez-01-aktiv-disc-complete-bike-builder,TIME Alpe d'Huez 01 AKTIV Disc Complete Bike Builder,Color,Hero  Grey/White,Size,MD,,,210000103147,,,0,0,0
time-alpe-dhuez-01-aktiv-disc-complete-bike-builder,TIME Alpe d'Huez 01 AKTIV Disc Complete Bike Builder,Color,Hero  Grey/White,Size,XL,,,210000103149,,,0,1,1
time-alpe-dhuez-01-aktiv-disc-complete-bike-builder,TIME Alpe d'Huez 01 AKTIV Disc Complete Bike Builder,Color,Hero  Grey/White,Size,SM,,,210000103146,,,0,0,0
time-alpe-dhuez-01-aktiv-disc-complete-bike-builder,TIME Alpe d'Huez 01 AKTIV Disc Complete Bike Builder,Color,Hero  Grey/White,Size,LG,,,210000103148,,,0,0,0
time-alpe-dhuez-01-aktiv-disc-complete-bike-builder,TIME Alpe d'Huez 01 AKTIV Disc Complete Bike Builder,Color,Hero  Grey/White,Size,XS,,,210000103145,,,0,0,0
time-alpe-dhuez-01-aktiv-disc-complete-bike-builder,TIME Alpe d'Huez 01 AKTIV Disc Complete Bike Builder,Color,Hero  Grey/White,Size,XXS,,,210000103144,,,0,0,0
time-alpe-dhuez-01-aktiv-disc-complete-bike-builder,TIME Alpe d'Huez 01 AKTIV Disc Complete Bike Builder,Color,White,Size,XXS,,,210000117616,,,0,0,0
time-alpe-dhuez-01-aktiv-disc-complete-bike-builder,TIME Alpe d'Huez 01 AKTIV Disc Complete Bike Builder,Color,White,Size,SM,,,210000117617,,,0,0,0
time-alpe-dhuez-01-aktiv-disc-complete-bike-builder,TIME Alpe d'Huez 01 AKTIV Disc Complete Bike Builder,Color,White,Size,MD,,,210000117618,,,0,0,0
time-alpe-dhuez-01-aktiv-disc-complete-bike-builder,TIME Alpe d'Huez 01 AKTIV Disc Complete Bike Builder,Color,White,Size,LG,,,210000117619,,,0,0,0
time-alpe-dhuez-01-aktiv-disc-complete-bike-builder,TIME Alpe d'Huez 01 AKTIV Disc Complete Bike Builder,Color,Red,Size,XXS,,,210000117620,,,0,0,0
time-alpe-dhuez-01-aktiv-disc-complete-bike-builder,TIME Alpe d'Huez 01 AKTIV Disc Complete Bike Builder,Color,Red,Size,SM,,,210000117621,,,0,0,0
time-alpe-dhuez-01-aktiv-disc-complete-bike-builder,TIME Alpe d'Huez 01 AKTIV Disc Complete Bike Builder,Color,Red,Size,MD,,,210000117622,,,0,0,0
time-alpe-dhuez-01-aktiv-disc-complete-bike-builder,TIME Alpe d'Huez 01 AKTIV Disc Complete Bike Builder,Color,Red,Size,XS,,,210000117623,,,0,0,0
time-alpe-dhuez-01-aktiv-disc-complete-bike-builder,TIME Alpe d'Huez 01 AKTIV Disc Complete Bike Builder,Color,Red,Size,LG,,,210000117624,,,0,0,0
time-alpe-dhuez-01-aktiv-disc-complete-bike-builder,TIME Alpe d'Huez 01 AKTIV Disc Complete Bike Builder,Color,Red,Size,XL,,,210000117625,,,0,1,0
time-alpe-dhuez-01-aktiv-disc-complete-bike-builder,TIME Alpe d'Huez 01 AKTIV Disc Complete Bike Builder,Color,White,Size,XS,,,210000117667,,,0,0,0
time-alpe-dhuez-01-aktiv-disc-complete-bike-builder,TIME Alpe d'Huez 01 AKTIV Disc Complete Bike Builder,Color,White,Size,XL,,,210000117668,,,1,0,2
open-upper-complete-bike-builder,OPEN UPPER Complete Bike Builder,Color,Black,Size,M,,,210000083484,,,0,0,0
open-upper-complete-bike-builder,OPEN UPPER Complete Bike Builder,Color,Ready To Paint,Size,M,,,210000097815,,,0,0,4
open-upper-complete-bike-builder,OPEN UPPER Complete Bike Builder,Color,Black,Size,S,,,210000083486,,,0,1,0
open-upper-complete-bike-builder,OPEN UPPER Complete Bike Builder,Color,Ready To Paint,Size,L,,,210000097959,,,0,0,4
open-upper-complete-bike-builder,OPEN UPPER Complete Bike Builder,Color,Black,Size,L,,,210000083482,,,0,0,0
open-upper-complete-bike-builder,OPEN UPPER Complete Bike Builder,Color,Black,Size,XL,,,210000081657,,,0,0,0
open-upper-complete-bike-builder,OPEN UPPER Complete Bike Builder,Color,Ready To Paint,Size,S,,,210000106322,,,0,0,1
open-upper-complete-bike-builder,OPEN UPPER Complete Bike Builder,Color,Ready To Paint,Size,XL,,,210000101533,,,0,0,0
open-up-complete-bike-builder,OPEN UP Complete Bike Builder,Color,California Sage,Size,XL,,,210000120169,,,0,1,3
open-up-complete-bike-builder,OPEN UP Complete Bike Builder,Color,California Sage,Size,M,,,210000120170,,,0,1,4
open-up-complete-bike-builder,OPEN UP Complete Bike Builder,Color,California Sage,Size,L,,,210000120168,,,0,0,4
open-up-complete-bike-builder,OPEN UP Complete Bike Builder,Color,California Sage,Size,S,,,210000120167,,,0,1,2
open-up-complete-bike-builder,OPEN UP Complete Bike Builder,Color,Grey/Orange,Size,L,,,210000116728,,,0,0,0
open-up-complete-bike-builder,OPEN UP Complete Bike Builder,Color,Grey/Orange,Size,XL,,,210000116727,,,0,1,0
open-up-complete-bike-builder,OPEN UP Complete Bike Builder,Color,Grey/Orange,Size,M,,,210000116726,,,0,1,0
open-up-complete-bike-builder,OPEN UP Complete Bike Builder,Color,Grey/Orange,Size,S,,,210000116725,,,0,2,0
open-up-complete-bike-builder,OPEN UP Complete Bike Builder,Color,Blue,Size,S,,,210000087445,,,0,0,1
open-up-complete-bike-builder,OPEN UP Complete Bike Builder,Color,Blue,Size,XL,,,210000089154,,,0,0,0
open-up-complete-bike-builder,OPEN UP Complete Bike Builder,Color,Blue,Size,L,,,210000086740,,,0,0,0
open-up-complete-bike-builder,OPEN UP Complete Bike Builder,Color,Green,Size,L,,,210000087028,,,0,1,0
open-up-complete-bike-builder,OPEN UP Complete Bike Builder,Color,Blue,Size,M,,,210000086775,,,0,0,0
open-up-complete-bike-builder,OPEN UP Complete Bike Builder,Color,Ready To Paint,Size,L,,,210000093575,,,0,0,2
open-up-complete-bike-builder,OPEN UP Complete Bike Builder,Color,Ready To Paint,Size,XL,,,210000108361,,,0,0,3
open-up-complete-bike-builder,OPEN UP Complete Bike Builder,Color,Green,Size,XL,,,210000087606,,,0,0,0
open-up-complete-bike-builder,OPEN UP Complete Bike Builder,Color,Green,Size,S,,,210000094213,,,0,1,0
open-up-complete-bike-builder,OPEN UP Complete Bike Builder,Color,Ready To Paint,Size,S,,,210000102134,,,0,0,2
open-up-complete-bike-builder,OPEN UP Complete Bike Builder,Color,Ready To Paint,Size,M,,,210000092409,,,0,0,1
open-up-complete-bike-builder,OPEN UP Complete Bike Builder,Color,Green,Size,M,,,210000087030,,,0,0,0
